lead_snp	gene	domain	n_assoc	best_evidence
rs3753841	COL11A1	Body composition	7	body weight (P=5e-09; proxy rs141853979 r2=1.000)
rs3753841	COL11A1	Bone	9	intertrochanteric region size (P=7e-13; lead)
rs3753841	COL11A1	Immune/Hematologic	3	neutrophil count (P=9e-12; proxy rs12756209 r2=0.996)
rs3753841	COL11A1	Joint/connective-tissue	3	adolescent idiopathic scoliosis (P=6.999999999999999e-11; lead)
rs3753841	COL11A1	Neuro/Behavioral	4	brain attribute (P=2e-17; proxy rs11576308 r2=1.000)
rs3753841	COL11A1	Pulmonary	1	forced expiratory volume (P=1e-09; proxy rs11164633 r2=0.825)
rs12028481	PRRX1	Body composition	3	BMI-adjusted hip circumference (P=2e-12; proxy rs12022896 r2=1.000)
rs12028481	PRRX1	Height/Anthropometric	2	body height (P=8e-187; lead)
rs12105038	AC010096.2	(none)	0	-
rs13417165	AC007319.1	Body composition	6	BMI-adjusted waist-hip ratio (P=3e-12; proxy rs62172472 r2=0.964)
rs13417165	AC007319.1	Bone	3	heel bone mineral density (P=3.0000000000000004e-09; lead)
rs13417165	AC007319.1	Cancer	3	breast cancer (P=2e-11; proxy rs17576323 r2=0.958)
rs13417165	AC007319.1	Cardiovascular	11	heart rate (P=4e-29; proxy rs13384908 r2=0.988)
rs13417165	AC007319.1	Height/Anthropometric	1	body height (P=1e-19; proxy rs17705966 r2=0.976)
rs13417165	AC007319.1	Hepatic	2	aspartate aminotransferase measurement (P=6.000000000000001e-13; proxy rs17576323 r2=0.958)
rs13417165	AC007319.1	Immune/Hematologic	6	Eczematoid dermatitis (P=3.0000000000000004e-08; proxy rs62172472 r2=0.964)
rs13417165	AC007319.1	Metabolic/Lipid	15	high density lipoprotein cholesterol measurement (P=3e-06; proxy rs17576323 r2=0.958)
rs13417165	AC007319.1	Neuro/Behavioral	13	brain attribute (P=4e-15; proxy rs13384908 r2=0.988)
rs13417165	AC007319.1	Reproductive/Endocrine	2	breast cancer (P=2e-11; proxy rs17576323 r2=0.958)
rs1562502	ARPP21	Neuro/Behavioral	4	risk-taking behaviour (P=2e-10; proxy rs6776685 r2=0.952)
rs1562502	ARPP21	Reproductive/Endocrine	1	age at first sexual intercourse measurement (P=1e-11; proxy rs67723420 r2=0.918)
rs7433808	ADAMTS9-AS2	Body composition	8	visceral:subcutaneous adipose tissue ratio (P=2e-07; lead)
rs7433808	ADAMTS9-AS2	Cardiovascular	1	coronary artery disorder (P=6e-06; proxy rs4411878 r2=0.927)
rs7433808	ADAMTS9-AS2	Immune/Hematologic	1	leukocyte quantity (P=9e-11; proxy rs6445424 r2=0.879)
rs7433808	ADAMTS9-AS2	Metabolic/Lipid	4	type 2 diabetes mellitus (P=1e-08; proxy rs4607103 r2=0.879)
rs7433808	ADAMTS9-AS2	Neuro/Behavioral	1	physical activity measurement (P=2e-12; proxy rs7638389 r2=0.909)
rs61749613	VCAN	Body composition	14	lean body mass (P=2e-08; lead)
rs61749613	VCAN	Bone	3	abnormality of the skeletal system (P=1e-57; proxy rs34580448 r2=1.000)
rs61749613	VCAN	Cardiovascular	1	abdominal aortic aneurysm (P=1e-12; proxy rs34580448 r2=1.000)
rs61749613	VCAN	Immune/Hematologic	1	hematocrit (P=4e-12; lead)
rs61749613	VCAN	Joint/connective-tissue	2	carpal tunnel syndrome (P=9e-10; lead)
rs61749613	VCAN	Metabolic/Lipid	39	polyunsaturated fatty acids to monounsaturated fatty acids ratio  (P=5e-09; lead)
rs61749613	VCAN	Neuro/Behavioral	2	white matter microstructure measurement (P=6.999999999999999e-16; proxy rs34580448 r2=1.000)
rs61749613	VCAN	Protein/molecular level	3	level of adhesion G-protein coupled receptor G2 in blood (P=2e-27; proxy rs34580448 r2=1.000)
rs61749613	VCAN	Renal	9	polyunsaturated fatty acids to monounsaturated fatty acids ratio  (P=5e-09; lead)
rs62432291	FNDC1	Joint/connective-tissue	1	joint hypermobility measurement (P=1e-12; lead)
rs62432291	FNDC1	Metabolic/Lipid	1	lipoprotein A measurement (P=2e-11; proxy rs294914 r2=0.922)
rs62432291	FNDC1	Protein/molecular level	1	level of fibronectin type III domain-containing protein 1 in blood (P=5e-87; lead)
rs2057932	RSBN1L-TMEM60	Body composition	12	body mass index (P=1e-08; proxy rs6465828 r2=1.000)
rs2057932	RSBN1L-TMEM60	Cancer	1	colorectal cancer (P=6e-11; proxy rs61364263 r2=0.930)
rs2057932	RSBN1L-TMEM60	Cardiovascular	3	atrial fibrillation (P=6e-11; proxy rs4729727 r2=0.957)
rs2057932	RSBN1L-TMEM60	Hepatic	6	serum albumin amount (P=2e-12; proxy rs10272350 r2=0.945)
rs2057932	RSBN1L-TMEM60	Immune/Hematologic	4	eosinophil count (P=2e-13; proxy rs3764824 r2=0.930)
rs2057932	RSBN1L-TMEM60	Metabolic/Lipid	1	triglyceride measurement (P=3e-10; proxy rs6966632 r2=0.930)
rs2057932	RSBN1L-TMEM60	Renal	1	serum creatinine amount (P=5e-10; proxy rs1544459 r2=0.898)
rs7816345	AC090453.1	Body composition	4	appendicular lean mass (P=5.999999999999999e-24; lead)
rs7816345	AC090453.1	Bone	2	abnormality of the skeletal system (P=8e-12; lead)
rs7816345	AC090453.1	Cancer	10	breast carcinoma (P=3.0000000000000004e-09; proxy rs10096213 r2=1.000)
rs7816345	AC090453.1	Height/Anthropometric	1	body height (P=1e-29; lead)
rs7816345	AC090453.1	Hepatic	3	serum alanine aminotransferase amount (P=3.0000000000000004e-09; proxy rs12681990 r2=0.914)
rs7816345	AC090453.1	Immune/Hematologic	1	reticulocyte count (P=1e-09; lead)
rs7816345	AC090453.1	Metabolic/Lipid	32	cholesteryl esters to total lipids in large VLDL percentage  (P=2e-13; lead)
rs7816345	AC090453.1	Neuro/Behavioral	1	schizophrenia (P=3e-10; proxy rs12681990 r2=0.914)
rs7816345	AC090453.1	Reproductive/Endocrine	25	breast size (P=2e-14; lead)
rs12548347	8q12	(none)	0	-
rs2370759	EPC1	Joint/connective-tissue	2	osteoarthritis, hip (P=3e-14; proxy rs11597888 r2=1.000)
rs2370759	EPC1	Reproductive/Endocrine	1	sexual dysfunction (P=2e-06; lead)
rs2274224	PLCE1-AS1	Body composition	22	body fat percentage (P=7e-29; lead)
rs2274224	PLCE1-AS1	Bone	3	abnormality of the skeletal system (P=5e-56; proxy rs11187838 r2=0.996)
rs2274224	PLCE1-AS1	Cardiovascular	66	pulse pressure measurement (P=9.000000000000001e-15; lead)
rs2274224	PLCE1-AS1	Hepatic	12	aspartate aminotransferase measurement (P=1e-09; lead)
rs2274224	PLCE1-AS1	Immune/Hematologic	13	myeloid leukocyte count (P=2e-27; lead)
rs2274224	PLCE1-AS1	Metabolic/Lipid	14	triglyceride measurement (P=3e-06; lead)
rs2274224	PLCE1-AS1	Neuro/Behavioral	85	brain physiology trait (P=4e-42; lead)
rs2274224	PLCE1-AS1	Pulmonary	1	asthma (P=2e-09; proxy rs57866767 r2=1.000)
rs2274224	PLCE1-AS1	Renal	4	blood urea nitrogen amount (P=7e-13; lead)
rs2274224	PLCE1-AS1	Reproductive/Endocrine	2	sex hormone-binding globulin measurement (P=3e-28; lead)
rs7949030	GANAB	Body composition	4	BMI-adjusted waist-hip ratio (P=5e-08; lead)
rs7949030	GANAB	Bone	1	abnormality of the skeletal system (P=6.0000000000000005e-15; lead)
rs7949030	GANAB	Neuro/Behavioral	2	physical activity measurement (P=5e-08; lead)
rs7949030	GANAB	Pulmonary	2	vital capacity (P=2e-11; proxy rs3017666 r2=0.944)
rs7949030	GANAB	Reproductive/Endocrine	1	25-hydroxyvitamin D3 measurement (P=4.9999999999999995e-11; proxy rs3017666 r2=0.944)
rs585522	PITPNM2	Body composition	8	BMI-adjusted hip circumference (P=6e-14; proxy rs1727294 r2=0.880)
rs585522	PITPNM2	Cardiovascular	8	venous thromboembolism (P=2e-07; proxy rs4148856 r2=0.912)
rs585522	PITPNM2	Height/Anthropometric	4	body height (P=1e-300; proxy rs1463877 r2=0.951)
rs585522	PITPNM2	Immune/Hematologic	17	Eczematoid dermatitis (P=6e-10; proxy rs1260294 r2=0.908)
rs585522	PITPNM2	Joint/connective-tissue	6	osteoarthritis (P=3.0000000000000004e-09; proxy rs1790120 r2=0.869)
rs585522	PITPNM2	Metabolic/Lipid	9	type 2 diabetes mellitus (P=7e-20; proxy rs4148856 r2=0.912)
rs585522	PITPNM2	Neuro/Behavioral	20	insomnia (P=2e-23; lead)
rs585522	PITPNM2	Protein/molecular level	2	amount of serine protease 27 (human) in blood (P=3e-06; proxy rs4148856 r2=0.912)
rs585522	PITPNM2	Pulmonary	2	age of onset of childhood onset asthma (P=3e-10; proxy rs7975763 r2=0.880)
rs585522	PITPNM2	Reproductive/Endocrine	3	uterine corpus leiomyoma (P=3.0000000000000004e-09; proxy rs6488864 r2=0.858)
rs17184313	RIN3	Body composition	16	base metabolic rate measurement (P=2e-12; proxy rs112560164 r2=0.961)
rs17184313	RIN3	Bone	12	bone Paget disease (P=3e-11; proxy rs10498635 r2=1.000)
rs17184313	RIN3	Cancer	5	breast cancer (P=9e-13; proxy rs10498635 r2=1.000)
rs17184313	RIN3	Cardiovascular	5	pulse pressure measurement (P=3.0000000000000004e-09; proxy rs10498635 r2=1.000)
rs17184313	RIN3	Height/Anthropometric	1	body height (P=2e-08; proxy rs754388 r2=0.935)
rs17184313	RIN3	Hepatic	13	serum albumin amount (P=1e-15; proxy rs11623779 r2=0.993)
rs17184313	RIN3	Immune/Hematologic	52	myeloid leukocyte count (P=7e-39; proxy rs10498635 r2=1.000)
rs17184313	RIN3	Metabolic/Lipid	2	high density lipoprotein cholesterol measurement (P=6e-11; proxy rs72697297 r2=0.920)
rs17184313	RIN3	Neuro/Behavioral	10	cerebral cortex area attribute (P=3.0000000000000004e-08; proxy rs7141996 r2=0.993)
rs17184313	RIN3	Protein/molecular level	9	level of protein AMBP in blood (P=2e-08; proxy rs72697297 r2=0.920)
rs17184313	RIN3	Pulmonary	82	forced expiratory volume (P=2e-23; lead)
rs17184313	RIN3	Renal	4	glomerular filtration rate (P=2e-11; lead)
rs17184313	RIN3	Reproductive/Endocrine	10	25-hydroxyvitamin D3 measurement (P=6e-11; lead)
rs35874463	SMAD3	Body composition	20	appendicular lean mass (P=9e-06; lead)
rs35874463	SMAD3	Bone	2	abnormality of the skeletal system (P=7e-14; lead)
rs35874463	SMAD3	Cancer	2	breast cancer (P=3.0000000000000004e-09; lead)
rs35874463	SMAD3	Cardiovascular	6	cardiovascular measurement (P=4.9999999999999995e-11; lead)
rs35874463	SMAD3	Height/Anthropometric	15	body height (P=8e-230; lead)
rs35874463	SMAD3	Immune/Hematologic	4	Crohn disease (P=1e-11; lead)
rs35874463	SMAD3	Joint/connective-tissue	1	ankylosing spondylitis (P=1e-11; lead)
rs35874463	SMAD3	Pulmonary	1	FEV/FVC ratio (P=4.9999999999999995e-11; lead)
rs35874463	SMAD3	Reproductive/Endocrine	2	breast cancer (P=3.0000000000000004e-09; lead)
rs6123685	BMP7	Joint/connective-tissue	3	hernia of the abdominal wall (P=1e-12; lead)
rs6123685	BMP7	Metabolic/Lipid	13	high density lipoprotein cholesterol measurement (P=3.0000000000000003e-13; lead)
rs6123685	BMP7	Reproductive/Endocrine	2	sex hormone-binding globulin measurement (P=4e-09; lead)
